batch,index,music,hashtag,author,likes,comments,shares,saves
1,0,original sound - Gavin.kernstinee,igmirandahhmarie,mirandahshaul,407000,1752,44000,7058
1,3,,"animation, animationmeme, youngsheldon, georgecooper, sheldon, sheldoncooper",,196000,4932,25300,2961
1,4,,"fortnite, fortnitememes, fortniteclips, fortniteupdate, familyguy, gaming, fyp, xtryguy",,1200000,4411,124200,11900
1,5,,,,331300,7012,29700,2749
1,6,,"fyp, fyp%E3%82%B7, foryou, foryoupage, tiktok",,741000,43100,85400,337700
2,0,,"fyp, dog",,659000,3930,74100,15700
2,3,,"fyp, blinkerchallenge, makeup",,1100000,4186,68300,2825
2,4,,"fyp, foryou, gaming, saloodz, foryoupage, trending, fortnite, fortnitetips",,182900,1773,17500,395
2,6,,"fyp, foryoupage, fyp%E3%82%B7, fyp%E3%82%B7%E3%82%9Aviral, 5xpictures, pov, thatonefriend, bff, disneyworld",,2800000,43000,173900,58300
2,7,,"crime, theft, gift, giftcards, store, christmas, criminal, thief, saftey, security",,690900,15100,71400,128900
2,9,,"game, build, catan",,284000,1435,23100,10800
2,10,,"fyp%E3%82%B7, thegrinch, twins, finalsweek",,123600,481,15100,1333
2,12,,"serverlife, serverproblems, servertiktok, servers",,145500,0,21800,844
2,13,,,brookemonk_,203900,462,7813,279
2,16,,,,224600,3944,11700,1157
2,21,,"relatable, theonlyfamousbrian, money, laundry",,486700,1463,67400,2712
3,0,original sound - Lifewithmark,"foryou, frenchbulldog, bourboncityfrenchies, frenchbulldogpuppy, creme, cremethefrenchbulldog, frenchies, fyp, share",marks.gallery,1700000,8987,191000,17700
3,1,son original - üíêùêµü™ê,,brookemonk_,2300000,4250,131600,4055
3,3,original sound - Haley üåô | aemkniqht,"fu, erich, money",mezrichest,968300,16800,85900,16500
3,6,Un Mill√≥n de Primaveras - Vicente Fern√°ndez,,perla.cee,125200,559,40500,7056
4,0,FANCY (SLOWED + REVERB) - Godlike Pariah,"artistsoftiktok, tutorial, fyp%E3%82%B7, car, drawing",inthehandsoflando,307600,537,70900,1314
4,1,Follow my insta - ‚Äç,"shoeslaces, foryoupage%E2%9D%A4%EF%B8%8F%E2%9D%A4%EF%B8%8F, fyp%E3%82%B7, nike, airforce, viral, trending, sneakers",coco_kick.io,183600,211,56900,7430
4,4,original sound - speed ups,,aylixn,3600000,12800,286000,16700
4,6,original sound - Josh Liljenquist,,joshlilj,515700,1398,19100,634
4,7,She was 11 Dr Phil - Rea,,iambriancoro,2000000,4337,209400,9268
4,8,original sound - goldenbearollie,"comedy, dogsoftiktok, dogmom, goldenretriever",goldenbearollie,1200000,13600,78100,200700
4,10,Lovin On Me - Jack Harlow,"jackharlow, lovinonme, cats, rap, hiphop, raptok, cat, catsoftiktok, fyp",chillestcat,1800000,20700,207900,77800
4,12,original sound - izzy,"colbybrock, colbybrockedit, fyp, viralvideo, blowup, xyz, xplrizz",xplrizz,255300,5309,83900,5548
4,13,original sound - LoveSoft,"relatable, fyp",gucci_mastergirl,150300,339,11000,401
4,15,And why arent you in uniform - No context Spongebob,"therookie, timbradford, celinajuarez",ericwinter76,1700000,5582,69800,9658
4,16,original sound - Code Jaewalker,"fortnite, foryou, edit, jaewalker, ae",code_jaewalker,1900000,29800,291800,24000
4,17,Thot Shit - Megan Thee Stallion,"@lauren.clark.21, @usaflagfb, flagfootball, worlds",flagfootballclips,976000,14700,36700,3431
4,18,original sound - pythiadapodfbfnb,,pythiadapodfbfnb,136500,548,16200,501
4,20,Wondering Why - The Red Clay Strays,"@themodernproper, soup, soupseason, souptok, soupforthesoul, soupfordinner, dinner, dinnerideas, dinnerinspo, souprecipes, soupideas, soupinspo, dinnerrecipes, dinnertime, easydinner, easysouprecipe, easysouprecipes, tortellinisoup, creamytortellinisausagesoup",chacekitchen,803700,2171,299900,48100
4,21,starlinedits - Editsxborrego.üóù,"fyp, viral, foryou, flow, ootd, outfit",alessia_v28,107400,1278,8026,1336
4,23,son original - üíêùêµü™ê,,harperzilmer4,511000,3017,31500,1714
4,25,Gangsta Funktion - King Lil G,"@onekick.ru, fyp%E3%82%B7, lilwolf727, brownandproud, levis, chicano, @shakawear, fbcounty",lilwolf727,532800,2105,35000,3906
4,26,original sound - JadonRockwell,,stunnastina,1700000,15600,162000,15700
4,27,original sound - MILITANT MINDS,"capcut, iheardyoutoldyourfriend, iheardyoutoldyourfriends, trendingsong, trendingtiktok",arabella_lemonstrang13,37300,423,9062,997
4,28,original sound - dayz915,"atodamadre%F0%9F%8F%A7, %F0%9F%A4%99%F0%9F%8F%BD%E2%80%BC%EF%B8%8F%F0%9F%8F%A7%E2%80%BC%EF%B8%8F%F0%9F%A4%99%F0%9F%8F%BD, dd%F0%9F%92%ABuniverse, wyoming",dayz.915,513600,3657,35800,140200
5,0,original sound - Toyy,"paper, friends, paramore, herway, herwaychallenge, presidentdeborahalivilliams, deborahaliwilliams, floptok, flopera",toyyii_,288400,2920,30900,4207
5,3,EBT yaaaaa - üêâdustyX1Xüêâ,"fyp, ebtcard, fypage, ebt, steakandcheese",itsbruh444,1500000,6679,152500,71000
5,5,original sound - Klaudia,"fyp, navidad, family",crisd173,907900,2083,82000,5057
5,6,original sound - Maddie‚≠êÔ∏è,"fyp, foryoupage, foryourpage, onmysoul, dus, tray, jayda, jayna, prank, funny, endlessjourney, endlessjourney, endlessjourney, endlessjourney, foryourpage, foryourpage, foryourpage, foryourpage",weadore_jtxrns,380400,485,33500,329
5,10,original sound - OneStopChop,"tacobowl, mealprep, potatoes, onestopchop",onestopchop,341700,2125,143700,32600
5,18,Imma Scope The Scenery Out Meatball Casa Di - CasaDi,,whiteboyemmom,301200,1283,30000,632
5,19,Cocky Af - Megan Thee Stallion,,amiri.da,309400,2746,48500,4875
5,21,Storytelling - Adriel,"fyp, viral, fortnite, fortnitepro, fortniteclips, fortniteranked, fortnitememes, fortnitetips, gaming, camnutz",camnutz_,103200,10300,8090,288
5,22,original sound - doyoucareüòê,"salmajabarbique, fyp, foryoupageofficiall, fyp%E3%82%B7, foryourpage, crocs, converse, shoes, trend",salmajabarbique,1900000,15200,160300,16200
5,23,original sound - mffui,"fyp, foryou, fyp%E3%82%B7, meme, viral, storytime, blowthisup",mffui1,67700,435,14200,378
5,24,original sound - ùê§ùê´ùê¢ùê¨ üß∏‡æÄ‡Ω≤‡æÄ‡Ω≤ !!,"missycooper, foryou, foryoupage, fyp, actives, vsp, videostar, videostaredit, videostartutorial, coloringtutorial, videostarcoloring, vsedits, edit, qrcode, qrcodes, vsqrcodes, flopera, krissaily, strangerthings, strangerthingsedit, youngsheldon, missybeingmissy, georgecoopergettingroasted, stacyandmateo",krissaily,706400,4218,145800,2686
5,26,original sound - scarlett  ö…û,"fyp, hellokitty",mattyu40,2200000,26100,274500,34100
1,0,original sound - fr0sty_rick,"fyp%E3%82%B7, relatable, trending, aylecia, blowthisup, viral, qtips",leci.bby,280200,627,15500,164
1,3,Following just the New tiktoker - TikTok Queenüáßüá™ üáÆüáπ,ladykaylive,lady.kay_,44100,39500,16200,8519
1,5,original sound - Modeli,,smelimodeli,174000,833,45400,1051
1,6,original sound - Kenayo Frederick,"fyp, fu, freesaucegod, highlightertutorial",nhlfreesaucegod,271800,1619,84500,4334
1,8,Asn - thsituan._.,,ccabots,202100,4688,123600,3802
2,1,KYLE RICHH x NO MORE EXCUSES - EazyOnTheTrack,,ema_bb0,123700,737,17700,1098
2,2,sunet original - Victor drx99,,user1627283939918272,920600,4661,51100,4735
2,3,Ick - Alt Ending - Lay Bankz,"@nevstudioofficial, @vitalydesign",arshia_._bk,749600,18500,80400,12100
2,14,original sound - cadaea,,cadaea,613200,5193,93800,9834
2,17,original sound - Put A Finger Down,,jordansmikle,297300,34200,29800,208900
2,18,original sound - ICE SPICE FAN,"@icespicee, icespice, icespicecult, icespiceperformance, scarlettour, icespiceisqueen, icespiceeedit, icespicefans, icespicefan, icespicebronx, trending",icespice_baddie1,77900,532,11800,689
2,20,original sound - $,,jordansmikle,859600,14900,58900,3975
2,22,original sound - kahu,"foryou, fyp, funny, tiktok, movie, %F0%9F%98%82%F0%9F%98%82%F0%9F%98%82",tkdsbpnanzn,52100,172,4553,264
2,25,original sound - TheFeedski,,thefeedski,94500,755,6045,647
2,26,original sound - Meisjedante <3,"fyp, foryou, moviestarplanet",vaislai,82,3,6,0
2,27,brian is the most beautiful - ‚ùÄ,"viral, fyp, real, mentalhealth, relatable, sad, sadrelatable, imtired, mentalhospital",someone...idk7,1000000,0,67600,1563
2,28,original sound - Brooke üë©üèº‚Äçüé§,,nadeshaig,50400,173,4695,126
3,4,original sound - ElysiumCrux,"fyp, watchmy9millimetregobang, car",lelasohna,602400,3495,120500,7564
3,5,1 second count / when button pressed / time signal 03(1107043) - QUESS,"noncity, yap, interestingfacts",noncityyy,301800,74100,41700,55000
3,11,original sound - üï∑,"fyp%E3%82%B7%E3%82%9Aviral, relatable, inhaler",solo.aasiaa,408000,2804,34300,1911
3,12,original sound - Funny,,baby_ok7,3100000,34500,377700,81100
3,13,Monkeys Spinning Monkeys - Kevin MacLeod & Kevin The Monkey,"teachersoftiktok, teachersdressedasstudents, teacherfun, blackteachersontiktok",brittan.ya,3600000,38700,268100,101500
3,16,original sound - CFood_dbe,reels,cfood_dbe,343100,2441,31600,7699
3,18,original sound - EX7STENCE‚Ñ¢,"arelymurgo, myself",arelymt7,10100000,218900,364000,22500
3,20,Daddy issues - Star <3,"essadogs, emotionalsupportstuffedanimal, plushdog, stuffedanimal, stuffedanimaldog, douglasdog, douglasdogessa, essa",th0se._calm1ng.canines,61,28,18,1
3,22,ÂéüËÅ≤ - IMZ1 | GIRLS BAND,,hotblockchain,35600,192,5764,282
3,27,original sound - Batsyü¶áüï¥üèΩ,"fyp, viraltiktok, miracolousladybug, voiceovers, foryourpage",batmandontgaf,1400000,13800,269400,23800
4,3,original sound - Ralph Childs,"kidsbelike, funnyy, fam, holiday",artisey,5600000,39300,462600,190400
4,4,original sound - carlin,"fyp%E3%82%B7, fyp",carleeleen,259600,2875,27500,2413
4,5,original sound - allison,fyp,redhairgorl,149800,823,28900,2165
4,8,Ambition For Cash - Key Glock,"challenge, fyp, coupleschallenge, gym, gymtok, fitness, fyp%E3%82%B7, lifteachotherup, couple, portugal",ellanapper5,846900,1038,104900,17000
4,9,vampire - Olivia Rodrigo,"lisa, blackpink, kpop, jisoo, ros%C3%A9, jennie, confetti, yg, fyp, fyp%E3%82%B7%E3%82%9Aviral, viral",kpopblinksss,35600,106,4060,133
4,10,original sound - Movie3658,"foryou, fyp, movie, film, movies",zxhzxpxg7px,99400,160,12700,200
4,12,original sound - Violet,sexxyred,js.userr66,47600,796,11500,1940
4,13,original sound - Tony & Angel,"flightattendant, rescue, scary, flight, airplane",tonylovesangel,202600,707,15400,526
4,18,original sound - yana ‡≠®‡ßé,"@summerxiriss, @theaishahsofey",sophieraiin,522700,3081,83700,7380
4,20,original sound - Cameron Roh,fyp,cameronrohpovs,1200000,15700,170900,14400
4,21,YoungBoy - üíó,"nbayoungboy, yayamayweather, bluescrubspinkcrocs, hannahpoole",theehannahpoole,516400,4582,31100,5001
4,23,original sound - rachel,"airpods, airpodshack, fyp, school, highschool, skippingschool, fyp%E3%82%B7, foryou, plumcots, tiktok, viral, greenscreen",plumcots,376700,536,49400,335
4,24,original sound - south.parkour,"fyp, adoptme, friend, %F0%9F%A4%B7%E2%80%8D%E2%99%80%EF%B8%8F, viral, @0mgxmel0dy, @anthrbckupleahxh, @vincntt0, @2024weviee",..gorgmiaxo,143,26,16,1
5,0,original sound - Luminance Medical,"fyp, foryou, foryoupage, fyp%E3%82%B7, viral, fypage, fyp%E3%82%B7%E3%82%9Aviral, popular, tiktokmademebuyit, brighteyes, redlight, lifehacks, monkey",luminancered,608700,2301,50800,1860
5,1,som original - ~¬∑.¬∑~ùìôùìÆùì∑ùì∑ùì≤ùìÆ ü•¢#,"fly, foryou",2khzhix..0,78,2,13,1
5,2,Diamondz n Roses - VaporGod,"draft, mikasaackerman, aot, mikasa, draft, halloweendraft, cosplay",zely.y,149300,601,25700,1775
5,3,original sound - Slim 199x,,sophieraiin,2700000,11300,379300,24800
5,5,"Fine, I'll Do It Myself - turkunsesii",igmirandahhmarie,mirandamarieox,82700,314,5001,1129
5,6,original sound - Keller Moore,"cadillac, deville, caddy, beater, fyp",kellermoore,1500000,4685,101200,22200
5,14,original sound - Gert Leroy Underwater,"swimming, freediving, underwater",gertleroy,6135,129,769,46
5,16,–æ—Ä–∏–≥–∏–Ω–∞–ª—å–Ω—ã–π –∑–≤—É–∫ - –Ω–∏–∫—Ç–æ,,realburnttoasthehe,309300,1018,45500,3355
5,18,som original - rinx,"therianboy, fyp, therianthropy, quadrobics, dlaciebie, handmade, realwolfmask, therianwolf",wolf.spectrum,1320,210,624,3
5,19,original sound - Cool Grandpaüë¥üèº,"grandpa, joke, fypisbroken, comedy, jokes, relatable, fyp%E3%82%B7%E3%82%9Aviral, funny, school, nap",theverycoolgrandpa,4300000,35700,476700,65700
5,21,original sound - lorena ross,"barista, nascar",nextdoorasianlatina,12100,1088,4842,408
5,23,Aesthetic - Tollan Kim,"movie, tiktok, fyp, foryou",qy.movie,508100,2163,42200,929
5,24,original sound - Lara,"fyp, skit",wittlelararose,17700,61,4265,40
5,25,Bro this so old lol - „Ö§,"@bbelllav_, 6foot10, 4foot8, fyp, talltok, heightdifference",dla_fam,315400,4049,17300,4238
5,26,origineel geluid - Mo_vdbb,"fyp, foryou, fy, foryoupage, foryourpage, viral, xyzbca, hair, hairstyle, men",mo__vdbb,505600,5509,47100,3826
1,1,Love Is Beautifully Painful (Ghost Duet Version) - Darkrose,"fyp, foryou, foryoupage, emotional, dad, son, trans, viral",dailytokky,389900,6692,49000,7137
1,2,original sound - nicoleskirts,,knicolepeach,38900,431,4135,1254
2,0,original sound - Mariam,,mariamraidrix,82900,245,8412,368
2,1,original sound - Chris and jasmin,"giveaway, cash, fyp, viral, trending",chrisandjasmin,63000,2051,6238,1720
2,3,original sound - braydin,,kawaiisofey,158700,462,23600,516
2,4,original sound - Cameron Roh,fyp,cameronrohpovs,585500,16600,124300,12600
2,5,Aesthetic - Tollan Kim,"foryou, fyp%E3%82%B7, tiktok",peace.tv0,56200,89,4826,69
2,8,THANK YALL FOR USING MY SOUNDD - vsps4iii,"fyp, foryou, foryoupage",imkaiifoo,53800,217,5306,187
2,11,BOBBLEHEAD (She's A BobbleHead) [remastered] - FiyaBoi,"bobblehead, buzzin",erica.smith007,65,4,6,1
2,12,original sound - Lukenizzy,"fyp, fyp%E3%82%B7%E3%82%9Aviral, couplestiktok, foryoupage, fyp%E3%82%B7, blowthisup, lukenizzy",lukenizzy,4800000,7735,394200,43300
2,13,original sound - Logan Miller,,loganmillerx,199200,620,11800,210
2,15,original sound - mckinley richardson,@mckinleyxrichardson,mckinleyrichardson,10200,55,766,9
2,16,original sound - Logan Miller,,loganmillerx,41700,739,2193,166
2,19,original sound - SEB,"fyp, foryou, miyanevaeh",themiyanevaeh,129300,1686,17100,262
2,20,YKWIM? - ‰∏ú Áôæ ‰∏ãÂ∞è Èõ®,"viral, sad, love, pain, real",silkyslive,352300,6374,48800,2401
2,22,original sound - Jaykindafunny,@amariahmorales,jaykindafunny8,234100,695,18500,1630
3,0,original sound - Alex Nino Truckers,"alexnino, truck, driver, vlog, us, usa, trucker, camping, trucks, capcut",alexninotruckers,3400000,16200,283400,15800
3,3,nonono - [‚òëÔ∏è] CAPRI,"fyp, erich",fundsgettingrich,200400,0,17100,443
3,4,orijinal ses - caner,"@salishmattersx, fyp, viral, salishmatter, fyppppppppppppppppppppppp, viralvideo, tiktok, dance, befamous, fyp, salishmatter, nidalwonder, popular, viral, realsalishaccount, bestfriends, duo, everywhereigo, trend, trending",nidalspams,503900,3778,38700,937
3,6,original sound - The Relationship Hub,,pierson,2000000,10800,116900,13700
3,8,nh·∫°c n·ªÅn - Salishi2,"salishmatter, hudsonmatter, saysaymatter1, saymatte, fatherdaughter, date, daughter, mydaughter, viral, trending, fyp, saysaymatter",salishi2,144900,321,11600,176
3,10,original sound - Brooke üë©üèº‚Äçüé§,"@ayetaetae_, @sgc_von",nadeshaig,67300,324,5944,186
3,11,original sound - ‚ù• üá™üá∏‚óüÿÆŸàŸäŸÑÿØ ÿü,"fyp, ilovebigmelon%F0%9F%8D%92, gorgeousarah",lovebabysarah,139400,1223,20300,2872
3,12,original sound - ashley rose,,ashleyroseclips,47300,196,2516,43
3,15,original sound - Owen Lynch,,hahowen,252600,517,16600,181
3,16,original sound - emannüíï,"fyp%E3%82%B7, makemfamous, blowthisup, viral, emanrizz, rizz",yungemann,259399,685,18100,931
3,17,stan txt - ‚ù¶,,reborn_for_life02,37,2,9,2
3,24,That's My Best Friend - Tokyo Vanity,,nevaaadaa,43700,449,4619,181
4,2,PLASTIC - Unghetto,"@cassie.liza, partnerchallenge, partnerstunt, liftchallenge, squat, deadlift, curl, hipthrust",2hot4u__,667300,2608,0,0
4,3,original sound - CFN Cabbage,"fyp, xybca, cfn, mammoo, thatoneperson",bigcabbage56,944200,4143,0,0
4,4,Love You So - The King Khan & BBQ Show,"viral, valentinesday, fyp, boyfriend",andrea.lopez44,173500,542,0,0
4,5,Jealous - <3,fyp,littlemissscorpioo_,454900,3279,0,0
4,8,original sound - stocksandbonds,"@icespicee, @power1051, powerhouse1051, icespice, icespicefan, powerhousenyc, icespiceeedit, icespicecult, fyp%E3%82%B7%E3%82%9Aviral, explore, fyp, munchkins, foryou",stocksandbonds212,777400,6855,0,0
4,9,original sound - Kyra & Kali‚Äôs Mom,"canadian, wearecanadian, ohcanada, canadatiktok, montrealtiktok, quebectiktok, relatable, pov",kurly_kyra,11900,265,0,0
4,10,original sound - 3musketeers,"goviral, fyp%E3%82%B7%E3%82%9Aviral, foryoupage, content, fyp, relatable, date",ilovekk444,97500,242,0,0
4,12,original sound - Jay,"pourtoi, explore, viral, basketballplayer, outfit, dance",yohan_lbt,3544,34,0,0
4,15,AIN'T GONNA ANSWER - NLE Choppa & Lil Wayne,,kingminion_8,4600000,17100,0,0
4,18,original sound - haileena,"fyp, viral",prettyyluhthug,72800,260,0,0
4,20,original sound - icy,,ucantfindicy,90500,623,0,0
4,21,original sound - ‚ù• üá™üá∏‚óüÿÆŸàŸäŸÑÿØ ÿü,"pianogirl, pianoteacher, biden, prettybabe",torypiex,181900,1320,0,0
4,22,original sound - DESTINY ARMONIE,"@notdjay.a, familystairchallenge, cousins, cabintrip, usherchallenege, badromancechallenge, singing, riffchallenge",destinyarmonie,54600,361,0,0
4,23,Wild thoughts - Spe3dupaudiosforyou,,jiah.khann,223700,944,0,0
4,24,original sound - xylo,"@stickyrice14, relatable, meow, asian, joke",calpzxx,118200,1606,0,0
4,25,original sound - saraphiah,,saraphiahm,3700000,6464,0,0
5,2,sonido original - halo,"@she.want.me11, pourtoi, explore, viral, basketballplayer, outfit, dance, florida, fyp%E3%82%B7, fyp, basketball, seakers, dayone",yohan_lbt,2755,25,228,8
5,3,How to Dress Like Lil Yachty - Jhalfaday,"lilyachty, howtodress, fashion, outfit, fyp%E3%82%B7, viral, trend",tori.dastarsylist,44600,143,5153,81
5,4,original sound - Jaylin & Makaylaüíï,,makayla.doma.galski,184200,1469,8942,402
5,5,Back Lit - Rod Wave,,slimelifejay7,25200,87,2008,81
5,7,GoodGooglyMooglyyy - Undergroundmusiclover,"foryoupage, viralllllll, fyp%E3%82%B7, viral, blowthisup, relatable",theyluvmadi_2,70600,285,6020,211
5,10,original sound - kelly gallo,interview,kellyxgallo,23900,106,1403,25
5,11,original sound - SpongeBob background music,"lgbt, lgbtq, lgbtqtiktok, twins, twinning",ohknoworries,337700,2253,13500,1652
5,13,original sound - sav,"howmuchimade, coutingtips, hooters, hootersgirl, birthday, foryou, fyp%E3%82%B7",savwayy,872200,1811,36700,2438
5,14,original sound - fun in 5th!,"teachersoftiktok, teacher, ootd, teachersbelike, classroom, teachersontiktok, teacherootd, 5thgrade",fun.in.5th,127600,604,15700,784
5,15,original sound - Ruck‚ÄºÔ∏è,"foryou, viral, crush, friends",thesimp5onfamily,189200,1692,18600,2025
5,16,orijinal ses - caner,"fyp, mylove, grandad, wholesome, takealookofmygirlfriend",grandadfrankk,3600000,12500,155800,43000
5,19,original sound - HardcoreItalians,,hardcoreitalians,139700,4577,10600,2520
5,22,Rock With It by Saucy Santana - Saucy Santana,"fyp, foryou, foryoupage, caseynicola, lgbt, couplestiktok, lesbiansoftiktok, lesbian, couple, girlfriend",caseynicolaxx,29600,107,854,62
1,0,original sound - üé• Hippie.Cinemaüìö,"mariokart, elmodriving, notcompetativeatall, switchgames, fyp, gamertiktok, @saradubisz, @luiscarlos778m",hippie.cinema,124400,395,13200,11900
1,3,,"parati, %E2%9D%A4%EF%B8%8F%E2%9D%A4%EF%B8%8F%E2%9D%A4%EF%B8%8F, fyp",,122300,1340,4490,825
1,7,,"fyp, foryourpage, relatable, school, foryoupage, viral, real",,738700,4533,87200,5219
2,3,,"kaicenat, fyp",,983900,3736,90800,3232
2,5,,"@slide.shows.and.m, foryou, lipglossbusiness",,120000,3492,6710,139
2,7,,"fyp, paint, satisfy, paintmixing, tvgirl, colortheory, colormixing, art, satisfyingvideo",,689200,7782,116000,8971
2,9,,"icywicy, fyp, foryou",,249100,1393,48700,1768
2,10,,,,254800,1433,15700,1157
2,14,,"orcedify, gogoated, gogoatedhacks",,126800,476,32600,1000
2,18,,"capcut, capcut_edit, capcutvelocity, rek, bennyiee",,254300,2089,81700,1897
2,21,,"sambucha, name, things, aroundtheworld, shocking",,71600,1555,4114,58
2,24,,"emmachamberlain, jackharlow, metgala2023, metgala2022",,3800000,5328,227600,5717
2,25,,,,58800,129,2081,222
1,1,original sound - ùôπ ùôæ ùöà ùô≤ ùô¥ ùôª ùô∏ùôΩ üíã,"serverlife, serverproblems, servertiktok, servers",lujanojoyce,145500,0,21800,844
1,2,Rich gang - Sufferryanyt,,b.e.n_rl,206500,5770,16200,6788
1,3,original sound - daisysdays,"fyp, fyp%E3%82%B7, foryou, koy, emo, princess, goodgirl, police, chickfila, bffs",koy.rose,893100,1683,73300,3322
1,9,prodbywar x dream - war,gotham%F0%9F%83%8F,.jxrttt,40100,454,5811,226
1,11,original sound - AGGAYUCITA<3,,aggayucita,2200000,16900,249100,42800
2,1,sonido original - halo,"diamantblazi, seckoff, bball, basketball, fyp, dance, gamewin, gameday, viral, foryou, trend, floridabasketball, florida, usa, usabasketball, trio, dunk, sportstiktok",diamantblazi,43000,275,2757,253
2,4,The Months of the Year - 2014 Version - The Kiboomers,,xoteam,45000,246,2520,74
2,7,nh·∫°c n·ªÅn - Meme Love,,memeking8386us1,293200,7604,52500,10500
2,11,original sound - Slim 199x,"fyp%E3%82%B7, dance",thomasharris21,235300,7802,29900,27100
2,12,original sound - Mr. Chamberlain,greenscreen,doulieupnext,120500,59300,23200,2842
2,14,original sound - „Ö§,,iheartmiaaalol,4500000,15800,417000,54100
2,15,original sound - Weirdo,"foryoupage, foryou, fyp, funny, comedy",weirdow0rld,423800,3287,66500,5685
2,17,AIN'T GONNA ANSWER - NLE Choppa & Lil Wayne,,skykatz,642800,1393,27500,682
2,18,Love songs - ‚≠êÔ∏è,,emresuveren,2100000,13300,235200,45600
2,20,original sound - Brooke üë©üèº‚Äçüé§,,notyourbaeebooy,33600,168,3162,109
2,21,original sound - Kylie Cantrall,descendants4,kyliecantrall,1500000,5319,69900,2189
2,22,son original - ‚ô•Ô∏ècute‚ô•Ô∏è,"pourtoi, failfyp%E3%82%B7%E3%82%9Aviral, funnybabyvideos, rire, compilation",so.cute.funny,1600000,10400,206400,75300
2,23,Teddy Bear x prodbyrl - Terror,,aaliyah666999,40400,0,3011,268
2,25,original sound - xylo,"bike, biketok, booktok, cattok, catsoftiktok, blowthisupforme, yamaha",byamasix,515400,3937,60700,4393
2,26,DBSB3272 - Medu,"foryoupage, dlaciebie, foryou, viral, viralvideo, xyzbca, frp%E3%82%B7, trend, trending, essa, ez, dc, frp, frpage",twojstarybobik,468400,1573,47900,2354
2,27,original sound - F L E X O ü§ç,"fyp, waynefx, nyc, viral, ex, prank, crush, christmas",wayneflexo,129000,1057,15100,373
3,0,original sound - Jett,,lilnatalka,4300000,30600,343100,57600
3,1,original sound - I LOVE JESUS‚ô•,"christmas2024, merrychristmas, jesusname, lordamen, happybirthday, thankgod, jesuschrist, america",usa.jesusloveyou,398200,46800,41400,52900
3,2,original sound - ingrambates,,ingramaudie,2500000,14000,172500,26500
3,3,original sound - Brett Neustrom,,brett_neusty,6200000,16000,300800,41400
3,4,original sound - Vozol,vozol,vozol_official,597900,16600,54100,24700
3,6,original sound - Ruck‚ÄºÔ∏è,"fyp, viral, relatable, annielay12, curls, crush",annielay12,1200000,13400,137300,15100
3,10,La Espada - Eternal Raijin,basketball,suuperbro0,39200,12500,4500,1757
3,11,original sound - sp33dsongsx,"foryoupage, foryou, fyp, viral, period, periodpain",readbypaulina,86400,1124,11600,914
3,13,original sound - CFood_dbe,"reels, @jinacii, @lilcfood",cfood_dbe,88600,298,9933,410
3,14,som original - jvcomüí§,"marista, loira, maristinha, aula, escola",luisa_iurck,83200,166,5218,392
3,16,Kimmy slayed - ìÜó,brisbane,trinitynquyen,1300000,4965,55500,1892
3,17,AIN'T GONNA ANSWER - NLE Choppa & Lil Wayne,,sabyhesri,161900,1735,19000,340
3,18,original sound - Toyy,"sings, friends, paramore, herway, herwaychallenge, presidentdeborahalivilliams, deborahaliwilliams, floptok, flopera",toyyii_,683500,4089,81400,5708
3,21,original sound - lol yea.,,jaden.traub001,26400,139,1966,88
3,22,You Can't Beat Me Challenge Jersey Club (Suunnnlight Vocals) - YKaY,fyp%E3%82%B7,chasityromann,322500,958,47700,1951
4,6,original sound - Cameron Roh,fyp,cameronrohpovs,58800,852,10400,298
4,8,original sound - rxnplify,"jeans, store, vintage, foryou",lala_sadii,113600,1211,6924,102
4,10,original sound - ‚ÑíùíæùìÅùìé‚∏Ü‚∏â,"@rarebeauty, @tartecosmeticstrsdt, @youthforia, @elfcosmetics, grwm_aesthetics, grwmroutine, grwm, grwmmakeup, grwminhawaiii, hawaii",grwmwithlily8,121300,3094,6887,1467
4,18,original sound - active <3,fyp%E3%82%B7,tina_042,307300,3673,16800,839
4,19,Sunday Kind of Love - Etta James,"fyp, foryou, novio%F0%9F%A4%8D, him, iloveyou, @xo.jb1",_.ellie09,163500,988,22500,1174
4,20,original sound - Gabby Ferrara,2024,gabbyferraraaa,157300,412,12200,326
4,21,Wassup Gway - Famous Sally & YB,"fyp, wlw, lgbtq, fyp%E3%82%B7",katfayy,315100,434,12600,881
4,22,original sound - Sierra Larson,"fyp, fypage, trendy, romantoolit, thanksgiving",theonlyromantoolit,97800,666,16500,358
4,23,ROCKIN‚Äô AROUND THE CHRISTMAS TREE - BRENDA LEE,"comfykicks, sneakerhead, slippers, sneakers, sneakertok, fyp, viralvideo, sneakerslipper, giftideas",comfykicks.com,378600,12400,52600,53100
4,24,original sound - Anna Kat,"tvshow, tiktok, fyp",tkdyorio,344700,980,28800,383
5,3,original sound - Modeli,,smelimodeli,173700,831,44600,1043
5,4,original sound - eminem üòâ >>,"fit, fitness, fittok, fitcheck, outfit, outfitideas, lululemon, eminem, polishgirl, poland, polish",imcocolemonxoxo,65900,758,210100,476
5,5,som original - lalarinha,,breckiehill,72900,1104,79000,747
5,6,original sound - I olny have eyes for him‚ù§Ô∏è‚Äçü©π,,olnyeyesforhim34,31,1,1137,0
5,7,original sound - Kenayo Frederick,"fyp, fu, freesaucegod, highlightertutorial",nhlfreesaucegod,270800,1608,81500,4323
1,1,I Misunderstood The Assignment - rclbeauty101,"shortking, tall, family",marietemara4.0,8377,882,834,40
1,2,original sound - Jason Momoa,@tatemcrae,prideofgypsies,6400000,57100,276100,132400
1,3,original sound - Noemy,"fyp, funny, viral",noemyiscool_,1900000,6640,176300,24200
1,4,bounce (i just wanna dance) - —Ñ—Ä–æ–∑–∏ & joyful,fyp,trentonfsatl,155000,18100,44800,1690
1,9,original sound - Geu,"foryou, film",geu1391,254300,538,22800,211
1,11,original sound - Sophie Fergi,,soph1efergi,389200,506,14700,205
2,1,original sound - Ross Smith,,rosssmith,75700,2758,5950,2983
2,3,original sound - Kelly & Kody,"comedy, relationship, couple, funnyvideos, foryou",positravelty,1200000,21300,114800,258500
2,4,Remix Matimba Around The World TEAM DAN F√à Remix - Dj Around-G Mix Dan F√®üá∫üá∏üá≠üáπ,"@keldapetji27, larisplash, persersurtiktok, agrandirtoncompte, conseilstiktok, astucetiktok, splash%F0%9F%98%89",lari_splash,16100,7818,5231,10600
2,5,original sound - NurseFe & Amarion,"autism, autismawareness, autismadult, alopecia, alopeciaawareness, fyp%E3%82%B7, fyp%E3%82%B7%E3%82%9Aviral, fypage, foryoupage, fyp",iamnursefe,1200000,13000,98400,5612
2,7,original sound - ü§∑üèª‚Äç‚ôÄÔ∏èü§∑üèª‚Äç‚ôÄÔ∏è.,rizz,mahim.tn,49700,153,4204,369
2,8,original sound - Grandview HS Cheer,thejiggyprince,thejiggyprince,122200,141800,9780,1140
2,9,original sound - Unclemonkeyüîõüîù,"clips, funny, dramatic, funnyclips, fyp%E3%82%B7, fyp%E3%82%B7%E3%82%9Aviral, real, xzyabc, karl, mrbeast, funnyclips, funnyvideos, %F0%9F%98%AD%F0%9F%98%AD%F0%9F%98%AD",unclemonkey2472,2000000,7577,190200,5329
2,10,The Hoes Gon Love This. All Rights Reserved - Cowboy Khai ü§†,,m6xence,577900,7215,34300,12600
2,12,bent instrumental - ‚öúÔ∏è,"aesdr, relatable, viral, fyp, rizz",yourkute,413600,1519,36500,840
2,13,original sound - zivsoundz,"@totally.not.angelina316, fyp",paige..rywolt,591200,2583,49600,3706
2,14,original sound - spo6kzie,"fyp, princessamelia, nevada",abbysaltzmaniscute,126700,1782,23200,347
2,16,nh·∫°c n·ªÅn - Funny,,madlab.ml,596300,2458,88800,11100
2,18,original sound - FTGT,"ftgt, skit, rappersbelike, genz",ftwinzgottalent,295300,1862,38100,849
2,21,"My Heart Will Go On (Love Theme from ""Titanic"") - C√©line Dion","@bb3155, funny, funnyvideos, funnymemes, memestiktok, fyp",max.rae.music,5864,41,543,73
2,22,original sound - Tk üíï,"fyp, trending, dogsoftiktok, foryoupage",tikaramonee16,3600000,21700,277000,66000
3,1,original sound - spo6kzie,,abbysaltzmaniscute,204700,2790,37000,698
3,2,original sound - kayla,fyp,kaylamalecc,671200,4228,69100,1839
3,3,original sound - ThaRealRedTrvpStunna,"@bearvana, sashacarter, az, fyp, relatable",youcanrelatetosasha,98500,377,20000,457
3,7,original sound - It's Gone Viral,"truthordare, studentsbelike, schooldrama, schoolgossip",itsgoneviral,105900,681,7117,805
3,12,Diamondz n Roses - VaporGod,"iphe, xyzbca, %E2%9D%A4%EF%B8%8F%E2%9D%A4%EF%B8%8F%E2%9D%A4%EF%B8%8F, viral, relatable",iphe._a,41900,16300,4026,7457
3,17,Aesthetic - Tollan Kim,"fyp, tiktok, tvshow",zeyadeh.hetsler,778900,1361,63500,802
3,18,original sound - Grace Rayne,,itsgracexrayne,5666,40,551,22
3,20,YourRage sound - Dominator‚ù§Ô∏è‚úùÔ∏è,"couplecomedy, couple, couplegoals, quincieandzach",quincieandzach,375500,1594,28200,19900
3,21,original sound - Shania Muhammad,"smartgirlshania, 16yearoldteacher, blackhairtiktok, blowthisup, blackteachers, locs",smartgirlshania,1400000,15500,77200,22600
3,22,If I Would Have Known - Kyle Hume,"divorce, freewoman, singlewoman, widowwoman, over30",aliceb1396,40400,35700,2109,217
3,23,original sound - Taj.Mahal,,kassieemariee,688000,2198,73400,6054
3,24,self talk Parker Jack - you broke me first üíîüñ§,pov,addisonjamesofficial,99800,1944,16100,1599
4,0,original sound - haleyybaylee,,haleyybaylee,827100,12300,74600,18300
4,1,original sound - abby! - rin !,"mikaelahyakuya, seraphoftheend, foryoupageofficial, mikaelacosplay, cosplay",ox_cyrus,256600,5894,36400,2129
4,2,original sound - ùîçùîûùî∞üå∫ü´ß,fyp,jascas55,2200000,10200,275300,58000
4,4,original sound - laura üï∑Ô∏è,"foryou, foryoupage, viral, xybca, thesquad, piperrockelle, levcameron, tiffanyrockelle, awareness",filmsforfergi,22400,79,2150,22
4,6,original sound - Sawyer Sharbino,,sawyersharbino,78500,170,5246,84
4,7,It sure was a suite life - haleyybaylee,,theofficial.jale,252900,314,15500,159
4,11,original sound - Arcticz X Trikzz,@juan.cortez3,aydenmekus,84900,736,8850,225
4,16,original sound - Ejay,"fyp, viral, rizz",ejaycruzz,107100,379,12400,311
4,17,original sound - 00:00,light4198,light4198,59300,13500,5550,3099
4,18,original sound - Jack Doherty,"@topperguild, jackdoherty",jackdoherty,131400,306,8626,180
4,20,sonido original - halo,"cr7, binance, work",anamarkovix,895800,4381,69800,7164
4,21,original sound - Logan Micke,loganmicke,loganmicke,43300,440,4089,85
4,24,I Wouldnt Mind - ‚ô±,"fyp, couple, foryoupage, viral, couplegoals, trending, @emilylou.xoxo",emilyylouu1,564100,1885,28700,8051
4,25,original sound - Gavin Magnus,fyp,gavinmagnus,544000,2057,24900,334
5,1,Give Me a Kiss - Crash Adams,@andymallet1,crashadamsmusic,1100000,4717,67600,2807
5,2,sonido original - Pulga,"funny, relatable, latina, latino, mom",mosiah.h,560600,4178,97300,9188
5,4,‡πÄ‡∏™‡∏µ‡∏¢‡∏á‡∏ï‡πâ‡∏ô‡∏â‡∏ö‡∏±‡∏ö - ‡∏≠‡∏≤‡∏´‡∏¢‡∏á_‡∏≠‡∏á‡∏Ñ‡πå‡∏´‡∏ç‡∏¥‡∏á,@callsing.forgot,arshia_._bk,11900,416,1374,139
5,5,original sound - Farrah and Kaleb,"fyp, foryou, siblinggoals, brotherandsister, siblingduo",farrahandkaleb,325100,756,18500,432
5,6,original sound - Doulie Chamberlain,greenscreen,abdoulupnext,265500,48800,31800,953
5,7,original sound - mzbiancarenee,,itsjennadavis,80400,505,5806,137
5,12,original sound - üéÄZoelovespiperüéÄ,"@piperrockelle, piperrockelle, piper, fyp",zoelovespiper,17600,61,1288,2
5,13,original sound - Claireeee,,clairelizzyxo,74400,251,1595,105
5,14,AIN'T GONNA ANSWER - NLE Choppa & Lil Wayne,@kaitlynkmiller,saidee.nelson0,133400,759,11600,190
5,15,original sound - Horror Story XüëÄ,"horror, scary, creepy, spooky, haunted",horror.story.x,174800,13900,32400,17300
5,17,original sound - pumpkinblushspam,fyp,cocoquinnb,83600,487,3991,275
5,18,original sound - mack,,itsjennadavis,137000,2156,8481,112
5,22,original sound - Damalos,gracino,gracino___,510500,6894,26200,3015
5,24,suara asli - Dezalyr.,,jadentraub,211000,1077,16800,550
5,26,Aesthetic - Tollan Kim,foryou,comebaby789,135900,385,9096,1452
5,27,orijinal ses - caner,,asher.lara,285600,5089,21700,1769
5,28,original sound - Sanya,@ucoolmediylashes,itssanya.1,124200,580,10700,109
1,0,original sound - Paddington,"bringitonfighttothefinish, movie, dance, tiktok, fyp",paddianym56,302700,397,27100,436
1,3,original sound - alexbreakshisback,"backcrack, gym, stretch, gymhumor, stallbars, fyp",lamainethetrain,551600,4903,56300,18300
1,4,"Down, Up! - BabyTron",,uluv.luna.tuna,44100,200,3173,115
1,6,Chopin Nocturne No. 2 Piano Mono - moshimo sound design,"foodchallenge, rawmeat, fyp, viral, mrbeast, ishowspeed, adinross",paulylong,98300,1138,8403,2226
2,0,original sound - Haven Lough,,havenlough,80500,3455,6620,1105
2,7,New Home - Frozen Silence,"@lovelymimi865, mom",jayjayhere0_0,9800000,51200,731600,91500
2,10,bent instrumental - ‚öúÔ∏è,"aesdr, relatable, viral, fyp, rizz, babysitter",yourkute,77300,366,16100,449
2,11,original sound - Quest Gulliford,"@anthonycasper1024, @rosssmith",questg.tv,86100,600,3144,718
2,12,original sound - ùôÅùôäùôçùôÄùôëùôÄùôç ‚ú∞,"grwm, fyp, viral",grw.forever_,124000,497,10100,220
2,13,original sound - capri,@xxmacyn,c4pr1i,141400,2178,24800,1171
2,15,original sound - IDKüò´,"fyp%E3%82%B7, icespicemunch, icespice, edits, aftereffects",frennazone,338300,1665,57400,2592
2,16,original sound - Kriss&Esme,"grwmdate, grwmroutine, daughterdoesmymakeup, makeuptutorial, makeuproutine",krissleos,216500,627,15200,193
2,19,original sound - sweetnsour,,sweetnsour.official,459900,8213,48200,4222
2,20,original sound - ur.fav.girl.trceü§ü,"fyp, foryou, trend, crush, trending, foryou, @all.in.faith",autumnnmonique,152800,4629,16500,3567
2,21,Makeba - Jain,,vlarino,247200,5766,27200,4956
2,23,original sound - Jillian !,"fyp, sick, cold, cough",harperzilmer4,524500,5369,40700,3938
2,24,original sound - kenziedonald,"foryou, fyp, nanny, dayinmylife, newyear",dietcoke24,874400,924,24400,1410
2,25,original sound - Logan Micke,loganmicke,loganmicke,31700,441,2105,51
2,26,original sound - Marco Hall,"@khy, @brookeashleyhall, khy, couplegoals, comedy",iammarcohall,441000,1142,29900,3048
2,27,original sound - Akiii173 - Akiüó£Ô∏è,fyp,annafrey07,998100,12400,55500,8415
3,1,Enjoy - Jux & Diamond Platnumz,"@casboyboss.officiel, agrandirtoncompte, larisplash, persersurtiktok, astucetiktok, conseiltiktok, splash%F0%9F%98%89",lari_splash,21400,7970,6007,13300
3,2,original sound - Aliyah Marie,,aliyahm411,244400,1129,17400,1134
3,4,B√©cane - A COLORS SHOW - Yam√™,tiktoktrend,mr.thank_you,2491,185,150,21
3,6,original sound - Mona,"fyp, foryou, money",mona.ava7,245500,1705,12700,1478
3,7,PISTOL PACCIN - NLE Choppa & BigXthaPlug,,michelleotp,3300000,7699,156600,8105
3,8,original sound - mya ‚òÖ,"piperrockelle, piperrockellebby, piperrockelleedit, txunamy, familadiamond, txunamyedit, edit, capcut, fyp, foryou, foryoupage",pipersluvas,118100,417,12900,261
3,11,original sound - Zeyadeh Hetsler,"fyp, tiktok, tvshow",zeyadeh.hetsler,178900,438,10100,119
3,12,original sound - Jennifer Ngo,@davdlifts,jenniferngo,241500,7002,29700,1246
3,17,original sound - Owen Lynch,,hahowen,146500,6575,18000,704
3,19,original sound - Rednexican,"petsoftiktok, snakes, animalsoftiktok, fyp, snakesoftiktok, snakelover",azgurl4ever,1400000,11400,51900,6187
3,20,DO WE HAVE A PROBLEM OUT FEB 4TH - Barb ü¶Ñ,fyp,karissaispretty,114400,282,13400,526
3,21,original sound - ‚ÑíùíæùìÅùìé‚∏Ü‚∏â,"@plmakeupacademy, @glowrecipe, @bubble, @lorealparis, @makeupbymarioo, @tarte.beauty, @bossupcosmetics, plouise, plouisemikayla, makeup, grwm_aesthetics, grwmroutine, grwmroutine, grwmmakeup",grwmwithlily8,46900,2574,4068,701
3,22,original sound - Jaden,,jadenrabago,154200,462,10900,1815
3,23,sonido original - halo,"diamantblazi, seckoff, bball, basketball, fyp, dance, gamewin, gameday, viral, foryou, trend, floridabasketball, florida, usa, usabasketball, trio, dunk",diamantblazi,94900,596,6233,385
3,26,big boy sza - normusreedus,"viral, foryou, fyp, pastorbelga, groenandael, perrostiktokers, zoldyckfamily",drakko_1710,6300000,59500,397700,128699
4,1,Bad Feeling (Oompa Loompa) - Jagwar Twin,"pov, fyp, trending",autumnnmonique,375800,2341,36100,1216
4,2,So Cute - Audiosphere,"principalsoftiktok, teachersoftiktok, fyp",principal_lamb,113400,0,6503,822
4,3,original sound - Lafloca and Mimi,,lafloca,406900,2268,36100,999
4,5,original sound - ashley rose,,ashleyroseclips,6166,35,356,11
4,7,joshuasamuels follow me - 00:00,,jadenrabago,122600,149,6673,723
4,9,AIN'T GONNA ANSWER - NLE Choppa & Lil Wayne,"foryou, viral",theofficial.jale,50800,88,2874,257
4,12,Bongos (feat. Megan Thee Stallion) - Cardi B,,nicolelaeno,144400,456,5466,180
4,16,original sound - emma,,choiemmaa,2300000,12000,142900,2620
4,17,original sound - Thelolpodcast,,thelolpodcast,66500,155,5619,71
4,19,original sound - Jenniferüíñ,"fyp, m3gan, @itsjennadavis",ellianawalmsley,112300,402,7886,157
4,23,follow Shalom Margaret on Spotify - shalom margaret,"lightskin, foryoupage%E2%9D%A4%EF%B8%8F%E2%9D%A4%EF%B8%8F",nottherealmar,145600,16700,21000,824
5,0,original sound - Zars,"gymsongs, gym, gymtok, fitness, fitnessmotivation, fyp, bodybuilding, motivation",zarsyt,64099,43,3079,168
5,2,original sound - Aki‚ú© - Akiüó£Ô∏è,,itsidra,307200,2054,35300,902
5,3,Monkeys Spinning Monkeys - Kevin MacLeod & Kevin The Monkey,"cornwithslime, fyp, fypage, trending, tiktok, new, viral, explore, slime, slimetok, satisfy, foryou, funny, fun, trend",cornwithslime.fun,45200,3605,6324,113
5,4,original sound - grandma_droniak,,grandma_droniak,701900,6631,30600,5799
5,8,original sound - spo6kzie,"fyp%E3%82%B7, xyzbca, allenhoopfest, trending",yayakindatuff_pt2,249900,344,25800,436
5,9,original sound - user87661156368,"fyp, foryou, november, dance",pejaandmom,11100,161,1631,58
5,10,original sound - nevaeha,"grwm, grwmforschool, confrotingcheatingbf, blowthisupforme, storytimegrwm, grwm, nevaehachristine",neevaeha,11200,430,1275,7
5,12,original sound - Bring back bubbly!,"bubbly, fyp%E3%82%B7, date, bubblypage",bring.back_bubbly1234,77400,2379,16900,770
5,14,original sound - L I V,,livswearingen,873300,2198,82200,3843
5,18,original sound - Jack Doherty,"@imbabykait, @mckinleyrichardson, jackdoherty",jackdoherty,11900,219,731,49
5,20,Cha Cha by Zeddy Will - zeddy not will ü§†,,asher.lara,69900,894,8088,208
5,21,M√°rcio Beat Water remix - M√°rcio Beats,"water, %EB%8C%84%EC%8B%B1%EC%9C%84%EB%93%9C%EB%96%A4, theboyz, sunwoo",istent_theboyz,1900000,16900,147500,18600
5,24,nh·∫°c n·ªÅn - Hannah and Regal,"husbandwife, dadjokes, viralvideo, titkok, fyp%E3%82%B7%E3%82%9Aviral, foryoupage, trendingnow",hannaahandregal,35500,205,2790,776
1,0,original sound - Kardashian.Jenner.andco,"kendalljenner, kendall, kendal, jenner, kyliejenner, kylie, kendalljenneredit, kendalljennerlook, kendalljennerstyle, suzellemichel, badbunnypr, badbunnyconcert, badbunnyedits, 818tequila, caitlynjenner, kimkardashian, khloekardashian, krisjenner, kourtneykardashian, robkardashian, viraltiktok, viral, blowup, kardashiatiktok, xyzbca, blowthisupfor, makethisfamous",kardashian.jenner.andco,123700,126,6424,54
1,1,original sound - Jack Doherty,"@mckinleyrichardson, jackdoherty",jackdoherty,23500,746,2149,81
1,8,original sound - CheezaAfrikanaDancekids,"fyp, fyp%E3%82%B7%E3%82%9Aviral, tengetenge, funny, viral, fyp%E3%82%B7%E3%82%9Alove, rango",cheezaafrikanadancekids,1800000,42100,156400,93800
1,9,You - Petit Biscuit,,savannahraedemers,1000000,7007,90900,18100
2,1,original sound - lala_sadii_US,"brother, fyp, foryou, siblings, trend",lala_555556666,25700,414,3949,80
2,2,AIN'T GONNA ANSWER - NLE Choppa & Lil Wayne,,xoteam,13800,46,628,18
2,3,original sound - Funny Edit,,dat.lammeme,5300000,83900,403200,286300
2,5,original sound - Wren & Jacquelyn,drinkchallenge,wren.eleanor,578300,2231,21800,1631
2,8,original sound - Snowwolf_jku,,snowwolf_jku,74000,189,5163,278
2,11,original sound - Lala,"foryou, fyp, school",lala_sadii,313500,2682,18100,204
2,12,City girls unreleased jt verse - HOTGIRL‚ù§Ô∏è‚Äçüî•,,asher.lara,57900,865,4266,112
2,14,My Love Mine All Mine - Mitski,,iwantacinnamonroll,307900,2960,31700,868
2,19,GoodGooglyMooglyyy - Undergroundmusiclover,,mmmjoemele,1100000,4441,40700,3670
2,22,sonido original - halo,"diamantblazi, seckoff, bball, basketball, fyp, dance, gamewin, gameday, viral, foryou, trend, floridabasketball, florida, usa, usabasketball, trio, dunk",diamantblazi,563000,2739,36000,4193
3,3,Bad Feeling (Oompa Loompa) - Jagwar Twin,,brookemonk_,1500000,3762,92900,6575
3,9,nh·∫°c n·ªÅn - No,,shellygibbs19821,1200000,11000,135300,21800
3,11,voices - √òneheart,"fyp, crush, viral",joshterrellclips,13200,93,1151,37
3,17,original sound - mj üéß,relatable,madelynnjay,2300000,12000,248600,43700
3,18,original sound - ivanita lomeli,,ivanitaalomeli,477100,1631,33400,1397
3,20,Perfect - Galuh,,elsarca,436100,5547,25000,6861
3,22,Funny Song - Funny Song Studio & Sounds Reel,,infamous_wu13,334000,3295,46300,509
3,23,original sound - Steve,@officialrushfam,therushgirls,160500,0,29600,649
3,24,original sound - Lukenizzy,"fyp%E3%82%B7, fyp%E3%82%B7%E3%82%9Aviral, couplestiktok, couples, blowthisup, foryoupage, funny, lukenizzy",lukenizzy,713900,5073,91400,5040
3,27,original sound - Debbie Valdez,"fyp, fyp%E3%82%B7, couple, couplecomedy, couple, foryoupage, relationship, couplegoals, viral, couplelove, trending, xybca, funny, couplestiktok, relatable, foryou, boyfriend",debbiekval,2100000,4390,168100,16700
4,0,original sound - kayla,fyp,kaylamalecc,1700000,4427,84400,1019
4,6,Paris - Else,"blackboxai, nomoreboringclasses, airevolution, collegelife, christmasparty, collegestudent, winterbreak, exam, aifordevelopers, developer, javascript, python",codewithclaude,8863,27,1990,73
4,8,Ya Digg - ‚úû,"boys, language, advice",advicewithdavid,93700,1420,19500,4739
4,10,PISTOL PACCIN - NLE Choppa & BigXthaPlug,,cooljake_48,1400000,3717,102200,7971
4,11,original sound - Doulie Chamberlain,greenscreen,abdoulupnext,57000,2576,12100,609
4,14,midnight sun (ramzoid x hal walker) - ZOID LAND,"tech, techtok, gamingsetup",dantic_,473900,1666,24200,202
4,15,original sound - slopbogbinky,,slopbogbinky,10400000,98600,1100000,466200
4,17,original sound - Toyy,"friends, paramore, herway, herwaychallenge, presidentdeborahalivilliams, deborahaliwilliams, floptok, flopera",toyyii_,2500000,26800,298800,38000
4,22,orijinal ses - caner,,infamous_wu13,121100,2230,12700,184
5,0,som original - W&K,tutorial,twinmelody,513500,1003,16000,618
5,1,original sound - Codename Jesse,,codenamejesse,2000000,11900,352000,35800
5,4,original sound - Didios,"text, boys, advice",didiios,64300,5632,12000,29900
5,8,original sound - spo6kzie,,yk.quotezz_,36700,139,3086,29
5,10,som original - Lexya ‚úø,"@clairsae, outerbanks, obxedit, jjmaybank, rudypankow, fyp, foryou",alexyaedits,319300,1271,62100,1727
5,14,RAHHHH (sped up) - alt!,"fyp, foryou, xyzbca",sharkywarkybarkbark,2200000,11400,215100,16800
5,18,original sound - Randy James,"iama, trend, gayteacher%F0%9F%8F%B3%EF%B8%8F%E2%80%8D%F0%9F%8C%88, teacher, teachertok, fyp, funny, tiktokchallenge, hairmodel, teachestruggles",recyclingrandy,13400,1328,622,315
5,20,original sound - 954Enzo,"@daniellearleenree, nio2hard, niolives, foryou, 954enzo, nioflowers, 954enzo%F0%9F%A5%95, 48nio",954enzo,78400,1393,2144,377
5,21,original sound - Gavin Magnus,"greenscreenvideo, fyp",gavinmagnus,282900,5838,18800,1789
5,23,original sound - AQmovie,"momsoftiktok, movie, tiktok",aqmovie,13600,79,1405,10
5,24,original sound - üçã,"duet, fyp%E3%82%B7, fyp, hoodchristmascarols",lilkari_36,201600,688,21900,1189
5,27,original sound - TheNight,,nevaaadaa,62300,518,5052,275
1,0,original sound - The Relationship Hub,"fyp, gnb, trend, viral, trending",britney.official,442000,616,14800,2703
1,1,original sound - Heart,"fyp%E3%82%B7, foryou, movie, tiktok, film",heartmovie66,347300,281,16400,456
1,3,Sloppy Seconds (Ick Pt. 2) - Lay Bankz,@kennabeann14,di1araa.s,375500,1115,36600,1297
1,4,original sound - Jordan_The_Stallion8,fyp%E3%82%B7,jordan_the_stallion8,1400000,10400,199300,12800
1,7,original sound - billy,icecream,billyvsco,114300,722,8180,834
1,8,Loveeeeeee Song - Loveeeeeee Song,"foryou, foryoupage, relatable, vira%C5%82, viralvideo, fyp%E3%82%B7, blowthisup, makemefamous, xyzbcafyp%E3%82%B7, howtomakehimfallinlove, cute, lifehacks",iluv.kiilee,936600,6588,191800,16300
1,9,original sound - Holden Davenport,@ashperez201,holdendavenport,250400,11300,27100,3403
2,1,som original - kenedy,"malcominthemiddle, that70sshow, ericforman, donnapinciotti, clips, movie, firstlove, edits, exploree, fyph, netflixseries, netflixmovies, movieedit, 13goingon30, joshhutcherson",filmsgilmore2,1500000,3044,184800,7370
2,4,AIN'T GONNA ANSWER - NLE Choppa & Lil Wayne,,itsari.aleise,225400,521,15800,181
2,7,Bad Feeling (Oompa Loompa) - Jagwar Twin,,yk.quotezz_,27600,343,2206,55
2,12,original sound - Aubreysanchezx3,"cashierlife, cashiersbelike, cleanupinaisle3, funny, momsoftiktok, momsbelike, momsover30, momtok, momsplaytime, toys, cashier, aubreysanchez, nyc, momlife, fyp, foryou, foryourpage, aubreysanchez, pregnanttiktok, graciecandlco",aubreysanchezx3,12400000,70100,746400,224000
2,13,original sound - rkempiree,,rkempiiree,116500,1109,20600,2588
2,14,original sound - Faith Hill,,taylor.leigh_,263300,420,33600,2964
2,15,bless. - suritasarapist69,"jackdoherty, real",jackdoherty.com,3810,96,401,11
2,16,sonido original - Cocho hd,"viral, fya, reels, reflexiones, triste, espa%C3%B1a%F0%9F%87%AA%F0%9F%87%B8, espa%C3%B1a",cochohd01,5526,47,737,96
2,17,original sound - Isaac & Andrea,,isaacandandrea25,50700,38,2365,84
2,18,original sound - Myaüêê‚≠êÔ∏è,"flipphone, hangup, funnyvideo, skit, joke, fyp%E3%82%B7",myaspence_,975500,3251,141100,4466
2,19,original sound - The Relationship Hub,,michelle.and.andy,268300,730,18300,4446
2,21,original sound - Salish & Nidal,"salishmatter, jordanmatter, nidalwonder, fyp, viral",salishnidalcute,45000,99,3555,122
2,22,original sound - Ken & Mel ñ®Ü‚ô°ñ®Ü,"kenandmel, @kenandmeli",kenandmel,76400,161,6701,153
2,25,d≈∫wiƒôk oryginalny - zszpilka,"dc, dlaciebie, fyp, foryou",zszpilka,507600,2330,47700,3938
3,1,original sound - Logan,"@lalisa_man0ban_123, top10, mostbeautiful, ranksie, fyp",good.sneeds,88400,22800,17800,22700
3,3,original sound - Dwill 2.0 üòàüòà,"@big.riri4, dragonbeardcandy",410dwill45tv,81600,8439,5997,397
3,5,original sound - Anxietycouple,"fyp%E3%82%B7%E3%82%9Aviral, viral, fypp, target, familycomedy",anxietycouple,81900,257,7770,237
3,6,original sound - Lala,"pov, foryou, acting, heyjoshua",lala_sadii,257600,1762,20600,463
3,7,original sound - SwagBoyQ on IG,"mystery, gift, fyp, swagboyq",swagboyq,142100,862,6075,291
3,13,original sound - LOL Podcast,"lolpodcast, thelolpodcast, katebaker, cashbaker, fyp",lolpodcastclipped,135000,253,10100,92
3,14,original sound - Nick Wilkins,,n1ckwilkins,428200,4857,35900,5528
3,15,original sound - Afton,"friedchicken, chicken, kfc, chickenleg, food, chickenlegs, friedchickensandwhich, yummy, yum, foodie, foodtok, chickenfried, camo, singer, songwriter, country, music, countrymusic, singing, countryartist, countrysinger, nashville, tennessee, hunting, hunt, hunter, hunters, fish, fishing, fishermen, fisherman, fisher, countryboys, countryboy, countrygirl, countrygirls, countrymusiclovers, countrymusicfans, countryliving, countrylife, countrytiktok, countrymusictiktoks, morganwallen, lukecombs, mirandalambert, countrymusictiktok, countrysongs",aftonmusic,61400,4029,10000,3701
3,16,original sound - user1776907921821,"fyp, tiktok, foryou",chock771,87000,67,9385,110
3,19,last chance - ü§ç,@belllabriii,mitchrenaudd,192800,1272,20700,1779
3,24,original sound - Tabs,,tabithaswatosh,2400000,1127,103000,2766
4,0,original sound - Michael And Friends,,michaelvufriends,167600,14800,17400,21700
4,1,All I want for Christmas sped up - Stan :),"sunnyvr, snowvr, viral, fyp",official.jaxo_vr,183500,1078,38200,11700
4,2,original sound - Lukenizzy,"fyp%E3%82%B7%E3%82%9Aviral, fyp, couplestiktok, couples, blowthisup, funny, lukenizzy",lukenizzy,363900,434,27700,1289
4,3,Call Me Back - James Charles,,jamescharles,17000,202,759,54
4,6,–æ—Ä–∏–≥–∏–Ω–∞–ª—å–Ω—ã–π –∑–≤—É–∫ - „Ö§„Ö§„Ö§„Ö§„Ö§„Ö§„Ö§,"diamantblazi, seckoff, bball, basketball, fyp, dance, gamewin, gameday, viral, foryou, trend, floridabasketball, florida, usa, usabasketball, trio, dunk",diamantblazi,27300,177,1909,206
4,7,original sound - AGGAYUCITA<3,,aggayucita,160500,1797,11700,2781
4,9,original sound - Kriss&Esme,"makeupfilter, barbiebratz, bratzfilter, barbiefilter, barbievsbratz, makeupfilterchallenge",krissleos,289600,1543,47600,847
4,10,original sound - üê∞,"crush, boysfacts, turnons, boycode, kissing, exposing, language, butterflies, tips, girls, boys, advice, turnoffs, girlsfacts, understandgirls",advicewithdavid,104200,1667,26400,6095
4,13,original sound - Gabriel Sey,"momsoftiktok, momlife, mom",andreaespadatv,59200,0,4932,497
4,16,original sound - jv,,lovealwayspiper,221900,922,9027,349
4,17,original sound - ùêÄùêàùêíùêáùêÄ ùêèùêÄùêãùêåùêÑùêë‚ù¶,"getreadywithme, grwm, grwmschool, schoolgrwm, aaggrwm, relatable",aaggrwm,381600,3286,29100,537
4,18,original sound - Elroy Red Beard,"fyp%E3%82%B7, foryou, foryoupage, fyp, fy, indiana, waaaygood, everydayfunday, pinkysup, jasonwhatareyoudoing, ayoooo, longervideos",elroyredbeard,1100000,31900,90700,106500
4,21,original sound - Motivation üöÄ,"motivation, mindset, inspiration, positivity, advice, relationship, lifelessons, relationship, publicrelations, interview, trendingreels, explore, foryou, viral",motivation.motivated,322900,6127,35900,4342
4,22,nh·∫°c n·ªÅn - Funny_Love,"wholesome, life, viral",funny_love_video,2400000,4280,187000,8334
4,23,original sound - EssenceTheNailTech,fyp,essencethenailtech,607900,837,46800,522
4,24,snowfall - √òneheart & reidenshi,,itsyaboyryantang,179200,1424,29900,1783
5,3,original sound - üî•THEKINGOFDIETüî•,"thekingofdietofficial, thekingofdiet, foodtiktok, dayinmylife, lifestyle, food, ceoofcheatmeal, foryoupage, tiktok, foryou",thekingofdiet,39000,2418,3515,1550
5,4,original sound - ANYA üöê RV life,explainingrussia,anya_taiga,62100,6004,7691,1595
